original_frame_id, video_frame_id, center_x, center_y, box_x1, box_y1, box_x2, box_y2, confidence
890,1,931,382,911,356,951,408,0.72
890,1,397,178,377,164,418,192,0.54
890,1,412,210,398,196,426,224,0.52
891,2,855,539,832,517,878,562,0.70
1062,4,180,502,146,456,214,548,0.79
1062,4,412,209,398,195,426,224,0.54
1062,4,588,419,568,403,609,436,0.53
1062,4,397,178,377,164,418,193,0.53
1063,5,392,528,347,487,438,569,0.65
1064,6,637,652,607,623,667,682,0.55
1065,6,645,645,607,610,683,681,0.53
1962,8,127,281,106,260,149,302,0.70
1962,8,589,419,568,403,610,436,0.55
1963,9,83,340,63,312,103,369,0.72
1964,10,24,439,0,403,48,476,0.66
2031,12,141,577,108,559,174,595,0.67
2032,13,328,589,305,564,352,615,0.73
2033,14,468,582,448,554,489,611,0.76
2034,15,518,525,499,500,538,551,0.71
2035,15,586,421,567,406,606,437,0.62
2036,16,522,516,500,491,545,542,0.75
2037,16,589,420,566,404,612,436,0.67
2037,17,522,514,499,491,545,537,0.74
2040,18,522,510,500,486,545,534,0.74
2040,18,589,420,566,405,612,436,0.67
2050,19,518,482,498,458,538,506,0.76
2050,19,589,419,567,403,611,436,0.69
2054,20,515,469,496,445,534,494,0.76
2054,20,588,420,567,403,610,437,0.71
2063,21,521,442,502,419,540,466,0.74
2063,21,588,419,567,402,610,436,0.62
2065,22,522,434,505,410,540,458,0.76
2065,22,589,419,568,403,610,436,0.67
2066,23,525,428,508,405,543,452,0.72
2067,23,589,419,568,403,610,436,0.66
2068,24,526,421,509,398,544,444,0.74
2068,24,589,419,568,403,610,436,0.64
2076,25,536,395,517,372,556,418,0.72
2076,25,589,419,568,403,610,436,0.63
2077,26,539,389,520,367,559,412,0.78
2078,27,546,381,527,359,565,403,0.69
2083,28,559,359,541,335,578,384,0.58
2086,29,564,352,544,328,584,377,0.70
2086,29,588,419,568,403,609,435,0.58
2089,30,576,337,555,313,598,361,0.71
2089,30,589,419,568,403,610,435,0.62
2092,31,589,419,568,403,610,435,0.68
2094,32,589,443,568,427,610,459,0.68
2095,33,589,443,568,427,610,459,0.67
2438,34,397,179,377,163,418,195,0.63
2438,34,540,147,518,136,563,158,0.54
2446,35,201,415,184,390,218,440,0.73
2449,36,197,426,180,399,215,453,0.73
2457,37,194,424,176,397,212,452,0.76
2458,38,193,450,174,422,212,479,0.77
2464,39,188,432,169,405,208,460,0.73
2471,40,185,435,165,408,206,462,0.74
2474,41,186,458,166,430,206,486,0.75
2494,42,192,434,173,407,212,462,0.77
2495,43,192,434,173,407,212,462,0.76
2507,44,192,429,174,403,211,456,0.77
2547,45,191,435,172,408,210,463,0.76
2556,46,188,465,169,437,208,493,0.77
2559,47,188,465,169,438,208,493,0.78
2562,48,188,441,168,414,208,469,0.78
2572,49,185,447,164,420,207,475,0.78
2574,50,185,448,164,421,206,476,0.78
2584,51,182,477,160,451,204,503,0.77
2588,52,177,455,154,430,200,480,0.80
2592,53,173,458,148,436,198,480,0.75
2593,54,172,458,147,436,197,480,0.75
2598,55,168,461,143,440,193,482,0.70
2600,56,168,461,143,441,194,482,0.69
2604,57,165,463,137,444,193,482,0.70
2605,58,160,464,135,448,186,481,0.68
2606,58,171,461,152,444,191,479,0.64
2607,59,161,487,134,470,189,505,0.68
2608,60,159,463,131,445,188,481,0.65
2609,61,159,462,131,444,187,481,0.68
2617,62,154,487,129,470,179,504,0.70
2618,63,152,486,127,469,178,503,0.73
2619,64,152,486,127,468,177,504,0.74
2622,65,152,487,128,469,177,506,0.72
2626,66,151,465,126,447,176,483,0.75
2631,67,152,463,126,446,178,481,0.68
2632,68,152,485,125,467,179,503,0.68
2633,69,151,485,125,467,178,503,0.69
2634,70,150,484,124,466,177,502,0.72
2635,71,151,483,125,466,177,501,0.71
2636,72,149,481,123,461,175,502,0.72
2637,73,148,457,122,438,175,477,0.73
2638,74,147,456,122,437,173,476,0.73
2639,75,146,481,121,460,171,502,0.75
2641,76,148,483,122,463,174,503,0.77
2642,77,148,482,122,463,174,502,0.75
2643,78,146,457,119,438,173,477,0.73
2644,79,145,457,118,437,172,477,0.72
2645,80,137,481,113,458,162,504,0.73
2646,81,106,465,81,441,131,489,0.72
2647,82,10,530,0,517,20,544,0.72
4049,84,398,177,378,164,418,191,0.61
4049,84,412,211,399,197,426,225,0.60
4916,90,15,556,0,534,31,578,0.72
4916,90,588,419,567,403,609,435,0.61
4916,90,411,211,398,198,425,224,0.56
4916,90,398,176,379,163,418,190,0.54
4917,91,140,520,107,494,174,546,0.80
4918,92,262,528,232,504,293,552,0.78
4919,93,378,535,348,506,409,564,0.83
4920,94,521,505,491,476,551,534,0.74
4921,94,589,418,567,401,611,435,0.70
4922,95,698,497,674,474,723,520,0.69
4923,95,589,417,568,400,611,435,0.65
4924,96,919,536,894,507,944,565,0.78
4925,97,1092,502,1070,472,1114,532,0.71
4926,98,1130,465,1113,451,1147,480,0.77
4927,98,1273,622,1267,613,1280,631,0.55
4928,99,1122,484,1101,466,1144,502,0.77
4929,99,1145,465,1135,453,1156,477,0.55
4930,100,1096,504,1070,475,1122,534,0.79
4931,101,1088,468,1059,449,1118,487,0.71
4932,102,1091,463,1064,440,1119,486,0.79
4933,103,1093,461,1070,439,1117,484,0.77
4934,104,1093,484,1068,462,1119,507,0.76
4935,105,1095,458,1070,436,1120,480,0.76
4936,106,1094,456,1071,435,1118,478,0.77
4937,107,1092,480,1071,458,1113,503,0.75
4935,108,1094,478,1072,454,1117,502,0.78
4936,109,1095,453,1072,428,1119,478,0.76
4937,110,1093,451,1071,425,1116,477,0.74
4939,111,1093,471,1070,443,1117,499,0.76
4941,112,1092,467,1068,438,1117,497,0.76
4942,113,1090,442,1070,413,1110,471,0.75
4943,114,1088,461,1070,434,1107,489,0.72
4944,115,1089,434,1070,406,1108,462,0.75
4945,116,1089,456,1069,428,1109,485,0.75
4946,117,1089,429,1069,401,1109,458,0.76
4947,118,1090,427,1070,398,1110,457,0.77
4948,119,1090,450,1070,421,1111,479,0.77
4949,120,1090,423,1070,394,1110,453,0.72
4950,121,1088,421,1070,393,1107,449,0.73
4951,122,1089,441,1070,414,1109,468,0.75
4953,123,1089,413,1072,388,1107,438,0.74
4954,124,1089,411,1072,389,1107,433,0.73
4955,125,1089,409,1071,387,1108,431,0.74
4956,126,1089,407,1071,386,1108,429,0.72
4957,127,1089,431,1071,411,1108,451,0.70
4958,128,1092,402,1078,389,1107,416,0.76
4960,129,1092,424,1081,414,1104,435,0.75
5353,130,588,419,567,403,610,435,0.58
5353,130,537,147,518,137,556,157,0.55
5353,130,411,210,399,198,424,223,0.54
5353,130,398,176,378,164,418,189,0.52
5593,135,412,211,399,198,426,224,0.59
5593,135,536,147,519,137,554,157,0.50
5993,136,412,211,399,198,426,224,0.60
6419,138,248,677,226,650,270,705,0.71
6419,138,412,211,399,198,426,224,0.57
6419,138,588,420,567,404,609,436,0.51
6420,139,264,585,247,558,282,612,0.73
6421,140,263,456,247,432,280,480,0.75
6456,147,175,412,159,397,191,428,0.70
6458,148,170,418,152,401,188,436,0.73
6459,149,164,421,143,401,186,441,0.73
6463,150,160,403,138,379,183,427,0.81
6464,151,157,404,134,381,180,428,0.79
6466,152,150,404,122,382,179,427,0.74
6467,153,147,431,119,411,175,451,0.74
6468,154,143,407,114,387,172,428,0.75
6469,154,134,407,115,388,154,427,0.62
6470,155,145,431,118,411,173,452,0.75
6471,156,145,431,117,410,173,452,0.75
6473,157,142,406,116,386,169,426,0.76
6474,158,142,405,117,384,168,426,0.76
6475,158,266,509,259,500,274,518,0.51
6476,159,139,404,115,383,164,425,0.78
6477,160,136,402,110,381,162,424,0.75
6480,161,134,401,111,379,158,423,0.74
6481,162,133,400,109,377,157,424,0.76
6482,163,133,423,108,397,158,449,0.76
6483,164,132,423,108,398,157,449,0.76
6485,165,132,418,107,392,157,444,0.76
6486,166,135,397,111,373,159,421,0.77
6487,167,128,423,103,396,154,450,0.79
6488,168,100,418,71,390,130,446,0.80
6489,169,32,477,0,451,64,504,0.72
7155,171,397,178,377,163,418,193,0.59
7155,171,411,209,399,197,424,222,0.53
7155,171,538,147,518,137,559,157,0.51
8377,174,398,178,378,163,418,194,0.54
8378,175,876,510,837,479,916,542,0.64
8944,177,398,179,378,164,418,195,0.55
8945,178,588,419,567,403,609,435,0.58
8946,179,586,480,566,464,607,496,0.69
8947,179,588,420,567,404,609,436,0.63
8948,180,514,524,497,499,531,549,0.73
8949,180,588,419,567,404,609,435,0.54
8950,181,450,555,435,534,466,576,0.73
8951,181,585,421,566,406,605,436,0.64
8952,182,420,564,401,546,440,583,0.75
8953,183,363,573,350,557,376,589,0.78
8954,184,260,598,245,585,275,612,0.75
8955,185,113,643,93,630,134,656,0.67
9057,187,144,309,123,290,166,328,0.76
9058,188,132,234,105,205,159,264,0.71
9059,189,134,232,108,208,160,257,0.72
9060,190,101,281,82,261,121,301,0.72
9061,190,95,284,70,262,121,307,0.61
9062,191,115,405,99,381,132,429,0.73
9063,192,122,467,105,442,140,492,0.73
9064,193,97,487,77,468,117,506,0.76
9065,194,84,467,66,452,103,482,0.72
9066,195,94,372,81,359,108,386,0.72
9067,196,94,339,83,325,106,354,0.66
9853,197,227,698,212,684,242,713,0.72
9853,197,588,418,567,402,610,435,0.60
9853,197,398,178,378,164,418,192,0.56
9855,198,226,715,212,710,241,720,0.72
9857,199,222,395,205,378,239,413,0.54
9860,200,218,405,200,383,236,427,0.74
9863,201,212,418,193,393,231,444,0.74
9864,202,209,399,190,372,229,426,0.80
9866,203,209,434,191,409,228,459,0.78
9867,204,206,443,186,417,227,469,0.81
9870,205,203,451,184,424,223,478,0.79
9871,206,201,455,182,429,221,481,0.76
9873,207,198,462,179,436,217,488,0.75
9875,208,193,443,174,420,212,467,0.75
9879,209,187,476,166,453,209,499,0.80
9880,210,185,453,164,431,207,476,0.77
9881,211,182,480,158,457,206,503,0.78
9882,212,178,459,152,438,204,480,0.75
9883,213,165,468,138,451,192,486,0.75
9884,214,162,466,135,447,189,485,0.72
9885,215,161,466,133,449,189,484,0.70
9886,216,160,465,131,448,189,483,0.65
9888,217,158,463,130,446,186,480,0.65
9889,218,158,463,132,447,185,480,0.66
9891,219,157,462,131,445,183,480,0.67
9894,220,157,463,130,445,184,481,0.67
9896,221,154,462,131,446,177,479,0.66
9897,222,158,464,131,447,186,481,0.66
9898,223,155,462,128,446,183,479,0.68
9900,224,153,460,126,442,181,479,0.68
9900,224,588,419,567,403,610,435,0.61
9902,225,153,485,125,467,181,504,0.70
9905,226,152,460,125,442,180,478,0.70
9906,227,152,459,125,441,179,478,0.71
9908,228,151,459,124,441,179,478,0.71
9911,229,152,462,123,444,181,480,0.67
9912,230,151,460,122,443,181,478,0.68
9913,231,149,459,120,440,179,479,0.70
9914,232,148,483,120,463,176,503,0.71
9915,233,148,458,120,439,177,477,0.70
9918,234,147,456,119,436,175,477,0.71
9922,235,147,479,120,460,174,499,0.73
9923,236,147,478,120,459,174,498,0.73
9925,237,146,455,119,436,173,475,0.73
9926,238,145,457,118,438,173,476,0.72
9933,239,146,483,119,464,174,502,0.74
9934,240,146,459,119,439,173,480,0.76
9937,241,147,460,120,440,174,480,0.73
9938,242,146,484,119,465,173,503,0.74
9940,243,146,460,119,441,173,479,0.73
9941,244,146,484,119,465,173,504,0.73
9942,245,140,484,114,463,166,505,0.76
9943,246,132,472,107,452,158,493,0.75
9944,247,144,518,122,502,166,535,0.75
9945,247,166,494,158,482,175,507,0.67
9946,248,115,707,90,695,140,720,0.53
10061,250,502,612,481,591,523,633,0.72
10062,251,400,468,380,449,420,487,0.74
10063,252,425,441,402,421,449,461,0.73
10064,253,438,448,420,425,457,472,0.76
10065,254,442,452,423,428,461,476,0.73
10066,255,444,456,426,431,463,481,0.74
10070,256,443,536,412,506,475,567,0.76
10070,256,446,456,428,431,465,481,0.76
10071,257,447,451,429,426,466,477,0.76
10072,257,410,211,394,197,426,225,0.69
10073,258,212,190,183,175,242,205,0.68
10074,258,449,445,433,423,466,467,0.66
10075,258,410,210,397,198,423,223,0.60
10076,259,451,442,433,417,469,467,0.77
10076,261,451,430,433,405,470,456,0.76
10077,262,453,426,434,401,472,452,0.73
10079,263,451,417,433,392,470,442,0.78
10080,264,452,412,434,388,471,436,0.74
10082,265,454,404,436,379,473,429,0.74
10083,266,454,397,436,373,472,421,0.73
10085,267,454,386,436,361,472,411,0.72
10086,268,456,379,436,353,477,405,0.68
10088,269,459,369,439,343,479,396,0.73
10089,270,458,365,438,341,478,389,0.71
10090,271,458,360,440,336,477,384,0.74
10678,274,1190,104,1159,75,1222,133,0.77
10678,274,398,178,378,164,418,193,0.58
10678,274,588,420,567,404,610,436,0.51
10678,274,1046,277,1030,265,1063,289,0.50
10679,275,1193,170,1174,148,1212,193,0.75
10683,277,831,566,817,552,845,580,0.60
10684,278,807,647,794,635,820,659,0.65
10686,279,813,656,801,644,825,668,0.67
10687,280,812,669,798,656,826,682,0.73
10688,281,819,675,803,662,836,688,0.72
10689,282,847,691,835,678,859,704,0.68
10690,283,872,708,859,697,885,720,0.73
10691,284,861,711,849,703,874,720,0.74
10810,285,398,177,378,164,418,191,0.54
10811,286,588,418,567,402,610,435,0.66
10812,287,589,441,566,423,613,460,0.65
11019,289,588,419,567,403,610,435,0.63
11021,290,588,419,567,403,610,435,0.63
11021,290,585,328,571,313,599,343,0.53
11030,291,568,344,550,322,587,366,0.70
11030,291,588,419,567,403,610,435,0.56
11035,292,559,360,540,337,578,384,0.69
11035,292,589,419,568,403,610,435,0.59
11041,293,542,377,522,354,562,400,0.77
11041,293,191,484,175,468,208,501,0.74
11041,293,588,418,567,402,610,435,0.57
11042,294,213,524,193,502,234,546,0.71
11043,295,208,584,188,569,228,600,0.73
11044,296,235,683,219,670,251,697,0.73
11047,298,526,393,508,371,544,416,0.74
11047,298,588,419,567,403,610,436,0.63
11052,299,513,404,493,378,533,431,0.75
11052,299,588,419,567,403,610,436,0.68
11053,300,510,411,492,388,528,434,0.73
11054,300,588,419,567,402,610,436,0.66
11057,301,500,424,483,402,517,446,0.77
11057,301,589,419,567,403,611,436,0.69
11061,302,494,439,477,415,512,463,0.76
11061,302,588,419,567,403,610,436,0.69
11062,303,493,443,475,419,511,468,0.73
11063,303,588,419,567,403,610,436,0.69
11064,304,490,455,471,430,510,480,0.75
11064,304,588,420,566,404,610,436,0.69
11065,305,62,716,41,712,84,720,0.58
11066,306,207,693,180,667,234,720,0.76
11067,307,487,467,467,444,507,491,0.76
11068,307,343,613,322,583,365,644,0.75
11069,307,580,423,566,410,594,436,0.51
11070,308,486,472,468,448,505,496,0.76
11071,308,444,531,424,502,464,560,0.75
11072,308,585,421,566,406,604,436,0.57
11073,309,488,478,468,453,508,504,0.74
11074,309,588,419,567,403,610,436,0.68
11075,309,487,427,471,400,504,454,0.64
11076,310,487,484,467,458,508,510,0.75
11077,310,588,419,567,403,610,436,0.68
11075,311,485,506,467,483,504,530,0.76
11075,311,585,421,566,406,604,436,0.55
11078,312,479,543,460,520,499,567,0.79
11092,313,472,557,452,537,493,577,0.74
11094,314,468,563,448,543,488,584,0.72
11095,315,438,623,419,602,458,645,0.70
11527,317,398,178,378,164,418,193,0.59
11527,317,412,210,398,197,426,224,0.51
11529,318,569,327,550,310,588,345,0.68
11529,318,588,419,567,403,609,435,0.62
11530,319,567,328,547,310,588,346,0.71
11531,319,588,419,567,403,610,435,0.62
11533,320,561,331,542,311,581,352,0.70
11533,320,588,419,567,403,610,435,0.63
11536,321,553,337,530,315,576,359,0.72
11536,321,588,419,567,403,610,435,0.63
11540,322,536,347,516,326,557,369,0.69
11540,322,588,419,567,403,610,435,0.57
11541,323,534,351,514,329,555,374,0.69
11542,323,588,419,567,403,610,435,0.59
11551,324,518,382,498,359,539,405,0.74
11551,324,588,419,567,403,610,436,0.67
11552,325,514,385,495,362,534,408,0.73
11553,325,588,419,567,403,610,435,0.60
11554,326,511,390,492,368,531,412,0.71
11555,326,588,419,567,403,610,436,0.66
11555,327,507,396,487,374,527,419,0.72
11555,327,588,419,567,403,610,436,0.64
11556,328,505,398,486,376,525,421,0.74
11557,328,588,419,567,403,610,436,0.63
11558,329,502,400,483,376,522,424,0.76
11559,329,588,419,566,403,610,436,0.67
11560,330,499,404,481,380,517,428,0.76
11561,330,588,419,566,403,610,436,0.67
11562,331,495,410,477,387,514,433,0.76
11563,331,588,419,567,403,610,436,0.68
11564,332,483,425,464,403,502,448,0.76
11564,332,587,420,566,405,609,436,0.65
11566,333,476,432,456,408,497,456,0.75
11566,333,588,419,566,403,610,436,0.71
11567,334,474,436,453,412,496,460,0.79
11568,334,587,420,566,404,609,436,0.66
11569,335,472,440,451,417,493,463,0.77
11570,335,587,420,566,404,609,436,0.68
11571,336,467,445,446,423,489,468,0.73
11572,337,461,447,442,425,481,470,0.75
11573,337,588,420,566,404,610,436,0.71
11572,338,458,455,437,431,479,479,0.79
11572,338,584,421,566,407,602,436,0.57
11574,339,452,461,432,438,473,485,0.74
11575,340,448,465,428,442,468,488,0.76
11576,340,584,421,566,407,602,436,0.55
11577,341,445,469,425,446,465,493,0.77
11578,342,442,474,420,451,464,497,0.74
11579,343,441,480,420,457,462,503,0.76
11581,344,432,515,412,493,452,538,0.77
11583,345,431,525,410,501,452,549,0.80
11584,346,428,526,408,503,449,550,0.80
11587,347,426,527,405,505,447,549,0.79
11588,348,425,503,404,482,447,525,0.78
11590,349,418,528,397,507,440,549,0.78
11591,350,417,505,396,484,438,526,0.78
11592,351,414,529,394,508,435,550,0.78
11593,352,412,527,391,507,433,548,0.79
11599,353,402,502,381,482,423,522,0.80
11600,354,400,501,379,481,422,522,0.80
11603,355,390,530,368,511,413,550,0.75
11605,356,389,531,367,512,411,551,0.77
11607,357,385,532,362,514,408,551,0.78
11609,358,379,533,357,514,402,552,0.75
11610,359,377,533,354,514,401,553,0.71
11613,360,375,535,352,516,398,554,0.72
11618,361,373,539,349,521,397,558,0.76
11623,362,371,546,345,530,398,562,0.71
11624,363,357,562,332,544,382,581,0.71
11625,364,302,642,280,624,325,660,0.73
12110,367,397,177,377,164,418,191,0.54
12110,367,588,419,567,403,610,436,0.51
12114,368,911,377,896,363,926,391,0.73
12116,369,913,379,898,364,928,394,0.75
12118,370,913,383,896,365,931,402,0.75
12121,371,910,386,891,365,929,408,0.74
12122,372,907,361,888,339,927,384,0.73
12123,373,907,364,888,342,927,387,0.71
12124,374,909,390,888,366,930,414,0.73
12127,375,907,396,886,371,929,422,0.75
12131,376,907,380,885,353,930,407,0.75
12134,377,907,411,885,385,929,438,0.75
12135,378,906,414,886,388,927,440,0.77
12136,379,907,417,885,391,929,443,0.78
12137,380,905,420,884,395,927,446,0.74
12138,381,903,425,881,399,926,451,0.77
12139,382,890,428,869,403,912,453,0.74
12140,383,891,430,870,404,913,456,0.77
12142,384,892,435,869,409,916,461,0.76
12144,385,886,440,864,414,908,467,0.76
12146,386,885,442,863,416,908,469,0.76
12147,387,887,444,864,418,910,471,0.77
12148,388,889,446,867,419,911,473,0.75
12149,389,891,448,869,421,913,476,0.80
12152,390,885,457,864,430,907,485,0.75
12153,391,887,460,867,433,907,487,0.76
12154,392,888,461,868,435,909,488,0.75
12155,393,884,468,864,441,905,495,0.77
12156,394,881,472,862,446,901,499,0.77
12157,395,879,453,859,427,899,479,0.77
12158,396,879,477,859,452,900,503,0.78
12159,397,878,454,858,429,899,480,0.80
12160,398,878,486,856,459,901,513,0.78
12162,399,874,492,853,466,895,519,0.74
12163,400,873,493,852,467,895,520,0.77
12164,401,872,497,851,472,893,522,0.75
12165,402,870,501,849,476,892,526,0.76
12167,403,864,479,842,454,887,505,0.79
12168,404,856,505,834,481,878,529,0.78
12171,405,854,515,832,491,877,539,0.76
12173,406,832,517,810,494,855,541,0.75
12175,407,830,520,809,497,852,543,0.76
12177,408,825,528,803,506,848,550,0.78
12178,409,823,531,801,509,845,553,0.76
12179,410,818,532,796,510,841,555,0.77
12180,411,814,511,794,488,834,534,0.76
12182,412,809,518,787,496,831,540,0.78
12183,413,807,545,786,524,828,567,0.76
12184,414,805,524,784,502,827,547,0.75
12185,415,799,551,779,530,820,573,0.73
12186,416,796,553,776,533,816,574,0.74
12193,417,785,558,762,538,809,579,0.76
12194,418,781,558,759,539,804,577,0.76
12197,419,776,535,752,518,801,553,0.74
12199,420,772,536,747,520,797,553,0.74
12200,421,770,536,746,519,794,554,0.75
12203,422,759,561,735,545,783,578,0.74
12207,423,756,563,731,547,781,579,0.73
12208,424,753,562,728,546,779,579,0.73
12209,426,452,604,426,576,479,632,0.78
12210,426,726,557,704,539,748,575,0.69
12211,427,609,482,587,456,631,508,0.73
12212,427,614,640,589,622,640,658,0.69
12213,427,589,419,568,403,610,435,0.58
12214,428,746,381,724,354,768,409,0.70
12215,428,589,419,568,402,610,436,0.62
12765,430,380,699,363,682,397,716,0.67
12765,430,412,210,399,197,425,224,0.52
12766,431,443,616,427,592,459,640,0.73
12767,432,470,482,449,462,491,503,0.75
12768,432,588,419,567,404,609,435,0.67
12769,433,468,481,443,459,494,504,0.76
12771,434,467,481,447,458,488,504,0.76
12771,434,585,421,566,407,604,436,0.54
12772,435,468,503,446,480,490,527,0.77
12773,436,467,478,446,454,489,502,0.76
12776,437,463,470,444,446,483,494,0.76
12780,438,457,465,438,442,477,488,0.76
12783,439,452,454,433,431,471,478,0.77
12788,440,446,440,430,417,462,464,0.72
12789,441,446,435,429,411,463,460,0.74
12793,442,444,425,426,401,462,450,0.73
12794,443,444,422,427,397,462,447,0.73
12795,444,446,442,429,418,463,467,0.73
12797,445,445,410,428,386,462,434,0.74
12798,446,445,407,428,382,463,432,0.75
12800,447,445,400,428,377,462,424,0.73
12802,448,447,392,431,369,464,416,0.75
12803,449,448,387,431,363,466,412,0.72
12806,450,450,398,430,372,470,425,0.74
12807,451,448,370,429,345,468,396,0.71
12810,452,452,361,433,338,471,385,0.73
12813,453,450,352,431,329,470,376,0.74
12815,454,450,344,430,322,470,367,0.74
13525,455,115,696,90,672,141,720,0.72
13525,455,398,178,377,163,419,194,0.52
13526,456,136,679,110,649,162,710,0.80
13527,457,167,629,143,599,191,660,0.77
13528,458,177,551,152,521,203,581,0.73
13529,459,183,500,159,471,208,530,0.79
13530,460,220,497,197,467,243,527,0.82
13531,461,255,469,233,438,278,500,0.74
13532,462,276,463,252,432,301,495,0.82
13533,463,305,451,283,422,327,481,0.78
13534,464,333,425,311,396,356,455,0.81
13535,465,349,395,328,366,370,425,0.79
13536,466,348,387,328,359,369,415,0.76
13537,467,342,368,325,352,360,384,0.61
13569,471,587,419,566,403,608,436,0.68
13569,471,474,335,451,311,497,359,0.56
13570,472,587,420,566,403,608,437,0.68
13571,472,476,341,452,315,500,368,0.68
13580,474,587,419,566,403,608,436,0.68
13609,479,430,362,409,345,452,379,0.53
13621,480,415,397,394,376,436,418,0.75
13630,481,409,411,389,391,430,432,0.77
13633,482,407,398,387,377,427,420,0.74
13634,483,407,401,386,379,428,423,0.76
13635,484,406,426,386,404,426,449,0.78
13642,485,411,443,391,423,431,463,0.74
13643,486,394,475,370,456,419,495,0.75
13644,487,343,510,318,493,369,528,0.73
13645,488,310,540,287,516,333,564,0.73
13646,489,309,539,287,516,332,563,0.73
13647,490,309,515,286,493,332,537,0.75
13648,491,312,539,289,521,336,557,0.72
13649,492,307,512,282,494,333,531,0.73
13650,493,309,540,285,522,333,558,0.74
13651,494,294,550,273,529,316,571,0.70
13652,495,226,604,210,581,243,627,0.77
13653,496,169,681,150,659,189,703,0.70
13819,498,719,649,704,631,735,668,0.72
13819,498,412,211,398,197,426,225,0.56
13819,498,397,177,377,163,418,192,0.50
13820,499,742,603,727,583,758,624,0.75
13821,502,774,618,761,606,788,631,0.74
13822,503,763,677,748,663,779,691,0.74
13879,505,246,706,229,692,264,720,0.72
13880,506,232,603,211,578,253,629,0.74
13881,507,232,501,210,475,254,527,0.78
13882,508,232,473,204,449,261,498,0.76
13883,509,227,452,203,427,251,478,0.79
13884,510,224,477,203,452,245,502,0.76
13886,511,224,475,204,449,244,502,0.80
13890,512,223,443,203,414,244,472,0.80
13891,513,224,462,205,436,243,489,0.79
13892,514,224,436,205,409,243,463,0.77
13894,515,223,428,203,399,244,458,0.82
13895,516,223,448,202,418,244,478,0.79
13896,517,224,418,204,390,244,446,0.79
13897,518,225,413,207,385,243,441,0.79
13898,519,224,434,205,406,244,463,0.81
13900,520,225,424,203,395,248,454,0.81
13901,521,225,420,202,391,248,450,0.81
13903,522,227,409,208,381,247,437,0.76
13904,523,227,406,207,379,248,434,0.77
13905,526,241,362,226,347,256,377,0.69
14004,527,240,391,225,374,256,408,0.70
14006,528,238,373,220,349,256,397,0.76
14007,529,238,397,220,373,256,422,0.76
14008,530,240,400,222,375,258,426,0.73
14012,531,244,389,224,362,264,416,0.73
14015,532,249,419,227,395,272,444,0.75
14021,533,258,415,234,395,283,436,0.78
14022,534,260,414,236,393,284,436,0.77
14025,535,263,408,240,388,287,429,0.70
14028,536,267,402,245,381,289,423,0.72
14029,537,268,400,247,378,290,422,0.72
14154,540,588,419,567,403,610,435,0.63
14154,540,398,177,377,163,419,192,0.55
14163,541,232,384,213,358,251,410,0.75
14168,542,226,427,207,400,246,455,0.76
14169,543,226,408,207,381,245,436,0.79
14170,544,227,439,208,412,246,466,0.79
14171,545,226,419,208,392,245,446,0.76
14173,546,223,428,205,401,242,456,0.77
14175,547,223,437,204,410,242,464,0.77
14176,548,223,444,205,418,241,471,0.77
14178,549,221,453,202,427,241,479,0.80
14179,550,220,456,201,430,240,483,0.78
14181,551,215,487,195,460,236,514,0.76
14182,552,209,495,187,471,231,519,0.77
14183,553,205,496,181,475,230,518,0.75
14184,554,202,498,178,477,227,519,0.76
14185,555,200,476,175,457,226,495,0.73
14186,556,198,477,173,461,223,494,0.70
14187,557,187,477,167,462,207,493,0.69
14188,557,197,477,171,461,223,493,0.59
14189,557,179,477,167,463,192,492,0.53
14190,558,190,477,165,462,216,493,0.68
14191,558,178,477,165,462,192,493,0.55
14190,559,194,479,166,464,222,494,0.68
14191,560,193,478,167,464,219,493,0.68
14192,561,194,504,167,489,222,519,0.68
14193,562,195,504,169,488,221,521,0.71
14194,563,197,480,172,465,222,496,0.72
14195,564,198,480,174,464,222,496,0.74
14196,565,198,479,174,463,222,496,0.73
14197,566,198,503,176,487,221,520,0.71
14198,567,197,477,174,460,221,495,0.71
14199,568,196,477,174,459,219,495,0.73
14200,569,196,477,175,459,217,495,0.74
14201,570,193,476,173,458,213,494,0.76
14202,571,193,475,171,458,215,493,0.76
14203,572,193,474,173,457,214,492,0.75
14206,573,194,472,175,454,214,490,0.77
14209,574,190,472,171,455,210,489,0.78
14213,575,189,467,170,449,209,486,0.80
14214,576,191,465,171,445,211,485,0.79
14216,577,196,483,175,462,217,505,0.77
14218,578,194,481,172,458,217,504,0.79
14219,579,195,478,173,454,217,503,0.77
14220,580,196,475,175,449,218,501,0.78
14222,581,199,444,179,417,220,472,0.75
14226,582,200,430,180,403,220,458,0.78
14227,583,198,427,179,400,217,454,0.76
14230,584,196,436,176,407,217,465,0.80
14234,585,194,418,177,392,211,445,0.76
14236,586,193,387,176,364,211,411,0.78
14238,587,191,384,177,366,206,402,0.72
15371,592,588,419,567,404,609,435,0.54
15714,593,588,419,567,404,609,435,0.56
15715,594,376,338,357,324,396,353,0.61
15716,595,373,337,352,323,395,352,0.68
15718,596,371,365,349,348,393,382,0.69
15719,597,369,367,347,348,392,386,0.67
15720,598,370,343,348,324,393,363,0.69
15725,599,366,344,341,322,392,367,0.71
15726,600,366,369,341,346,392,392,0.70
15727,601,364,368,338,346,391,391,0.68
15728,602,363,369,337,348,390,391,0.68
15730,603,364,371,334,349,394,393,0.65
15731,604,362,348,333,326,391,370,0.70
15732,605,359,346,331,325,388,368,0.74
15733,606,358,371,331,350,385,392,0.71
15734,607,355,346,330,325,381,367,0.69
15735,608,355,345,330,325,381,366,0.71
15737,609,355,371,328,350,382,393,0.71
15738,610,353,376,324,349,382,403,0.70
15739,611,332,370,311,342,353,399,0.72
15740,612,231,429,203,406,259,452,0.74
15741,613,29,506,3,486,56,527,0.75
16189,617,588,419,567,403,610,435,0.52
17156,618,169,103,139,86,200,120,0.62
17156,618,588,419,567,404,610,435,0.56
17157,619,205,70,176,42,235,98,0.71
17158,620,206,72,176,45,237,99,0.67
17159,621,211,75,184,50,238,100,0.74
17160,622,211,74,185,51,237,98,0.76
17161,623,212,77,186,53,239,101,0.77
17162,624,208,83,184,59,232,108,0.78
17163,625,205,93,182,68,229,118,0.72
17164,626,210,94,185,69,235,119,0.77
17165,627,209,97,185,71,233,124,0.74
17166,628,207,101,184,74,231,128,0.71
17167,629,206,100,185,72,227,128,0.72
17168,630,205,130,184,101,227,160,0.75
17169,631,206,109,184,79,229,140,0.77
17170,632,206,111,184,80,228,143,0.76
17171,633,205,114,182,83,228,146,0.73
17173,634,200,122,179,92,222,152,0.71
17174,635,199,124,177,93,221,156,0.72
17175,635,197,131,177,108,217,155,0.67
17176,636,200,149,175,117,225,181,0.76
17177,637,200,128,175,97,226,159,0.73
17178,638,200,129,172,98,228,161,0.79
17179,639,199,130,170,99,229,162,0.76
17180,640,198,131,168,100,228,163,0.73
17181,640,186,144,169,124,203,165,0.60
17182,641,198,132,168,100,228,165,0.72
17183,641,185,146,168,126,203,166,0.66
17184,642,194,142,167,117,222,167,0.71
17185,642,184,147,167,127,202,167,0.69
17186,642,198,133,167,100,229,167,0.69
17187,643,185,146,167,125,204,167,0.70
17188,643,190,143,167,120,214,167,0.68
17189,643,195,135,167,103,224,168,0.60
17190,644,186,144,166,121,207,167,0.70
17191,644,191,136,166,105,217,167,0.70
17192,645,190,137,166,108,215,167,0.77
17193,646,190,160,165,133,215,188,0.79
17194,647,189,160,163,134,215,186,0.71
17195,648,190,137,167,113,214,161,0.72
17196,648,186,142,160,121,213,164,0.55
17197,649,186,139,158,114,215,164,0.72
17198,650,187,137,160,111,214,163,0.74
17199,651,185,161,158,137,212,186,0.72
17200,652,184,136,157,111,211,161,0.74
17201,653,184,161,157,138,211,184,0.72
17194,654,177,133,154,114,200,153,0.76
17196,655,175,132,154,112,196,152,0.72
17198,656,176,153,156,131,196,176,0.72
17199,657,174,125,154,100,195,150,0.74
17200,658,174,121,153,95,196,147,0.77
17201,659,174,119,153,92,196,146,0.77
17204,660,175,111,154,82,196,140,0.78
17205,661,176,110,155,81,197,140,0.78
17206,662,176,107,155,76,197,139,0.73
17207,663,178,103,157,71,199,135,0.74
17208,664,181,97,160,67,202,128,0.76
17209,665,181,93,160,63,202,124,0.77
17210,666,182,92,160,61,205,123,0.76
17211,667,183,89,162,59,205,120,0.74
17212,668,185,88,164,56,207,120,0.77
17213,669,186,88,165,56,208,120,0.78
17214,670,188,87,166,55,210,120,0.78
17216,671,191,82,170,51,213,113,0.74
17217,672,194,79,171,48,217,110,0.73
17218,673,196,77,173,46,220,109,0.74
17219,674,197,74,175,43,220,106,0.74
17220,675,198,70,176,40,220,100,0.69
17221,675,198,58,178,39,218,78,0.52
17222,676,202,64,179,34,225,94,0.67
17223,677,203,62,181,31,225,93,0.67
17224,678,203,60,182,30,225,90,0.70
17225,679,206,57,183,28,230,87,0.64
17226,680,211,57,186,28,236,86,0.62
17227,681,214,56,188,28,240,85,0.72
17228,682,214,56,190,29,238,83,0.65
17229,683,216,55,192,28,241,82,0.68
17230,684,218,50,194,23,243,77,0.70
17231,685,219,49,196,22,243,77,0.69
17232,686,220,49,197,21,243,77,0.69
17233,687,224,48,200,21,248,76,0.69
17234,688,230,49,206,23,254,75,0.65
17235,689,233,47,207,21,260,74,0.69
17236,690,236,48,209,23,263,74,0.71
17237,691,238,48,211,23,266,74,0.71
17238,692,241,47,215,22,268,73,0.65
17239,693,245,46,217,22,274,71,0.64
17240,694,246,46,220,23,273,70,0.63
17241,695,250,47,224,21,277,73,0.61
17242,696,255,47,227,22,283,72,0.57
17243,697,259,47,229,22,289,72,0.63
17244,698,260,48,231,23,289,73,0.68
17245,699,261,50,233,25,290,75,0.58
17246,700,263,49,235,27,292,71,0.65
17247,701,265,51,237,30,293,73,0.67
17248,702,267,53,240,31,295,76,0.65
17249,703,268,59,243,34,294,84,0.65
17250,704,269,60,242,35,297,85,0.67
17251,705,270,61,242,36,298,86,0.67
17252,706,271,61,243,37,299,86,0.69
17253,707,274,64,246,40,303,89,0.72
17254,708,275,66,247,41,304,91,0.69
17255,709,276,69,248,43,304,96,0.71
17256,710,275,70,248,46,302,95,0.69
17257,711,273,69,247,44,300,95,0.70
17258,712,273,71,247,47,299,95,0.72
17261,713,273,74,248,49,299,100,0.71
17262,714,274,76,247,50,301,103,0.73
17263,715,275,79,249,52,302,107,0.77
17264,716,273,80,249,53,297,108,0.75
17265,717,273,83,252,55,295,111,0.73
17266,718,272,83,251,54,293,112,0.74
17267,718,396,178,377,164,416,192,0.57
17268,719,274,83,250,54,298,113,0.73
17269,719,396,178,377,164,416,192,0.56
17270,720,275,84,251,54,299,114,0.74
17271,721,274,86,250,55,298,117,0.71
17273,722,271,89,250,59,293,120,0.75
17274,723,270,91,249,61,291,122,0.73
17275,724,268,95,248,66,289,125,0.70
17276,724,277,92,248,61,307,124,0.61
17277,725,268,96,248,67,288,126,0.71
17278,725,274,93,247,62,301,124,0.57
17282,726,267,102,248,76,287,128,0.70
17283,727,268,107,248,84,288,131,0.70
17284,728,267,105,248,80,287,131,0.73
17285,729,268,102,247,71,289,134,0.71
17287,730,266,108,245,78,288,138,0.71
17287,730,275,105,246,73,304,138,0.64
17288,731,266,112,245,83,288,142,0.70
17289,731,273,108,245,77,301,140,0.54
17290,732,267,114,245,84,289,144,0.69
17291,732,275,111,245,79,305,143,0.56
17292,733,267,116,245,85,289,147,0.69
17293,734,266,120,244,90,288,151,0.71
17294,735,269,120,244,87,294,153,0.73
17295,736,266,147,245,117,287,177,0.73
17296,737,273,124,245,92,301,157,0.73
17297,738,268,127,245,95,291,159,0.71
17298,739,265,161,241,127,290,195,0.69
17299,740,265,165,240,133,290,198,0.75
17300,741,262,147,235,115,289,179,0.74
17301,741,255,155,236,130,274,180,0.52
17302,742,261,174,234,141,289,207,0.79
17303,743,261,176,233,143,290,210,0.77
17304,744,260,155,231,123,290,188,0.79
17305,745,261,159,230,127,293,191,0.78
17306,746,261,165,230,131,293,199,0.75
17307,746,254,168,229,137,279,200,0.66
17308,747,260,168,228,135,293,202,0.73
17309,748,256,197,224,164,288,231,0.74
17310,749,248,180,222,148,275,213,0.73
17311,749,242,187,222,162,263,213,0.51
17312,750,246,208,220,175,273,241,0.74
17313,751,246,211,220,177,272,246,0.76
17314,752,245,217,219,186,272,249,0.78
17315,753,246,224,216,190,276,259,0.80
17316,754,245,228,218,195,273,261,0.79
17317,755,244,229,219,196,270,262,0.74
17318,756,247,209,218,177,277,241,0.70
17319,757,245,219,218,187,273,252,0.73
17320,757,238,225,218,198,258,253,0.65
17321,758,242,224,217,192,268,256,0.73
17322,758,237,228,217,200,258,256,0.70
17323,759,247,248,219,216,275,280,0.72
17324,760,249,229,222,195,276,263,0.77
17325,761,248,231,223,199,273,263,0.74
17326,762,248,232,224,201,272,264,0.74
17327,763,248,260,224,228,272,292,0.76
17328,764,248,263,225,232,272,294,0.72
17329,765,250,268,227,237,274,299,0.74
17330,766,251,250,229,219,274,281,0.70
17331,766,846,442,829,421,864,463,0.55
17332,767,254,277,230,246,279,308,0.71
17333,768,252,281,229,251,276,312,0.72
17334,769,253,265,230,238,277,293,0.68
17335,770,254,293,231,266,277,320,0.70
17336,771,254,298,231,268,278,329,0.70
17337,772,260,307,237,277,284,338,0.67
17338,773,261,309,237,279,285,340,0.71
17339,774,262,318,237,286,287,351,0.65
17340,775,267,324,240,293,295,356,0.70
17336,776,266,331,240,300,293,362,0.68
17337,777,271,336,241,304,301,368,0.71
17338,778,272,342,243,311,302,373,0.69
17339,779,273,343,244,312,303,375,0.76
17340,780,273,346,244,314,303,379,0.73
17341,781,275,348,247,315,303,382,0.74
17342,782,276,351,249,318,303,385,0.76
17347,783,276,367,250,336,303,399,0.68
17348,784,280,371,254,343,307,400,0.70
17349,785,283,350,256,323,310,377,0.61
17350,786,282,350,255,323,309,378,0.63
17351,787,280,375,253,347,307,404,0.67
17353,788,278,379,254,351,303,408,0.57
17354,789,279,379,254,352,304,407,0.58
17355,790,279,378,252,351,307,405,0.58
17358,792,275,382,254,362,297,403,0.59
17360,793,260,361,234,341,286,382,0.55
17361,794,257,361,232,339,283,383,0.63
17367,795,247,389,222,369,273,409,0.65
17368,796,241,389,215,368,268,410,0.71
17371,797,240,364,217,344,264,384,0.66
17372,798,232,391,207,371,258,412,0.67
17373,799,230,369,205,349,255,389,0.70
17374,800,226,370,203,351,250,389,0.71
17377,801,226,366,204,349,248,383,0.67
17378,802,223,365,202,348,245,382,0.64
17382,804,222,361,200,345,244,378,0.51
17393,808,40,331,16,290,65,372,0.70
17394,809,56,337,26,296,86,379,0.80
17395,809,103,369,90,358,117,381,0.51
17396,810,11,327,0,309,23,346,0.72
17583,812,193,642,174,619,213,666,0.74
17583,812,588,419,567,404,610,435,0.55
17584,813,266,464,251,440,281,488,0.73
17585,814,239,691,219,665,260,718,0.75
17586,815,201,604,180,578,223,631,0.78
17587,816,202,525,181,501,224,550,0.77
17588,817,249,475,225,450,273,500,0.77
17589,818,316,442,295,415,338,470,0.79
17590,819,373,444,352,416,394,473,0.79
17591,820,407,441,385,413,429,469,0.76
17592,821,414,388,395,362,434,415,0.73
17637,823,255,717,235,714,275,720,0.61
17638,824,373,641,352,612,394,671,0.74
17639,825,465,509,442,481,488,537,0.77
17640,826,489,414,465,390,513,438,0.72
17641,826,588,419,567,404,609,435,0.66
17642,827,588,419,567,404,609,435,0.67
